[
{
  "model": "accounts.customer",
  "pk": 1,
  "fields": {
    "user": null,
    "name": "Kenneth",
    "profile_pic": "",
    "phone": "+233-2333",
    "email": "dhapperdon@gmail.com",
    "date_created": "2023-05-16T10:11:54.459Z"
  }
},
{
  "model": "accounts.customer",
  "pk": 2,
  "fields": {
    "user": null,
    "name": "Elsie",
    "profile_pic": "",
    "phone": "+555-8234332",
    "email": "elsie@gmail.com",
    "date_created": "2023-05-16T10:12:30.604Z"
  }
},
{
  "model": "accounts.customer",
  "pk": 3,
  "fields": {
    "user": null,
    "name": "Michael",
    "profile_pic": "",
    "phone": "+555-8803232",
    "email": "don@gmail.com",
    "date_created": "2023-05-16T10:13:02.744Z"
  }
},
{
  "model": "accounts.customer",
  "pk": 4,
  "fields": {
    "user": null,
    "name": "philip",
    "profile_pic": "",
    "phone": "+555-22882-2",
    "email": "philipo@gmail.com",
    "date_created": "2023-05-16T10:17:11.430Z"
  }
},
{
  "model": "accounts.customer",
  "pk": 5,
  "fields": {
    "user": null,
    "name": "paul",
    "profile_pic": "",
    "phone": "8+2803-o93333",
    "email": "paulo@gmail.com",
    "date_created": "2023-05-17T13:59:22.810Z"
  }
},
{
  "model": "accounts.customer",
  "pk": 6,
  "fields": {
    "user": 9,
    "name": "Banky",
    "profile_pic": "profile_img_DAfRzr4.png",
    "phone": "+233 8059-2",
    "email": "sticky@gmail.com",
    "date_created": "2023-05-18T14:02:19.747Z"
  }
},
{
  "model": "accounts.customer",
  "pk": 7,
  "fields": {
    "user": 11,
    "name": null,
    "profile_pic": "mood.png",
    "phone": null,
    "email": null,
    "date_created": "2023-05-19T14:10:25.527Z"
  }
},
{
  "model": "accounts.customer",
  "pk": 8,
  "fields": {
    "user": 13,
    "name": "django",
    "profile_pic": "mood.png",
    "phone": null,
    "email": null,
    "date_created": "2023-05-19T20:40:57.571Z"
  }
},
{
  "model": "accounts.tags",
  "pk": 1,
  "fields": {
    "name": "kitchen"
  }
},
{
  "model": "accounts.tags",
  "pk": 2,
  "fields": {
    "name": "Summer"
  }
},
{
  "model": "accounts.tags",
  "pk": 3,
  "fields": {
    "name": "Sports"
  }
},
{
  "model": "accounts.tags",
  "pk": 4,
  "fields": {
    "name": "Fashion"
  }
},
{
  "model": "accounts.tags",
  "pk": 5,
  "fields": {
    "name": "microwave"
  }
},
{
  "model": "accounts.product",
  "pk": 1,
  "fields": {
    "customer": 1,
    "name": "Iphone 13 promax",
    "price": 2000.0,
    "category": "IN DOOR",
    "description": "Elegant and style",
    "date_created": "2023-05-16T11:16:17.284Z",
    "tags": [
      4
    ]
  }
},
{
  "model": "accounts.product",
  "pk": 3,
  "fields": {
    "customer": 2,
    "name": "Microwave",
    "price": 1200.0,
    "category": "IN DOOR",
    "description": "Binatone Microwave is the best",
    "date_created": "2023-05-16T11:20:50.644Z",
    "tags": [
      1
    ]
  }
},
{
  "model": "accounts.product",
  "pk": 4,
  "fields": {
    "customer": 3,
    "name": "Lui Vuiton Jacket",
    "price": 1800.0,
    "category": "OUT DOOR",
    "description": "Drip too hard",
    "date_created": "2023-05-16T11:21:37.730Z",
    "tags": [
      4
    ]
  }
},
{
  "model": "accounts.product",
  "pk": 5,
  "fields": {
    "customer": 1,
    "name": "labtop",
    "price": 3200.0,
    "category": "IN DOOR",
    "description": "Toshiba labtop is really good",
    "date_created": "2023-05-16T11:51:29.237Z",
    "tags": []
  }
},
{
  "model": "accounts.product",
  "pk": 6,
  "fields": {
    "customer": 1,
    "name": "Modem",
    "price": 22.0,
    "category": "IN DOOR",
    "description": "Mifi for internet connection",
    "date_created": "2023-05-17T14:01:45.510Z",
    "tags": [
      3
    ]
  }
},
{
  "model": "accounts.product",
  "pk": 7,
  "fields": {
    "customer": 3,
    "name": "Furniture",
    "price": 2500.0,
    "category": "IN DOOR",
    "description": "Authentic furnitures",
    "date_created": "2023-05-17T14:02:33.933Z",
    "tags": [
      4
    ]
  }
},
{
  "model": "accounts.product",
  "pk": 8,
  "fields": {
    "customer": 2,
    "name": "Refrigerator",
    "price": 2000.0,
    "category": "IN DOOR",
    "description": "Samsung double",
    "date_created": "2023-05-17T14:03:02.799Z",
    "tags": [
      1
    ]
  }
},
{
  "model": "accounts.product",
  "pk": 9,
  "fields": {
    "customer": 6,
    "name": "Samsung Tv",
    "price": 3500.0,
    "category": "IN DOOR",
    "description": "Life is good",
    "date_created": "2023-05-19T10:21:07.791Z",
    "tags": [
      4
    ]
  }
},
{
  "model": "accounts.order",
  "pk": 3,
  "fields": {
    "customer": 2,
    "product": 3,
    "status": "DELIVERED"
  }
},
{
  "model": "accounts.order",
  "pk": 5,
  "fields": {
    "customer": 4,
    "product": 5,
    "status": "DELIVERED"
  }
},
{
  "model": "accounts.order",
  "pk": 6,
  "fields": {
    "customer": 4,
    "product": 4,
    "status": "PENDING"
  }
},
{
  "model": "accounts.order",
  "pk": 7,
  "fields": {
    "customer": 2,
    "product": 1,
    "status": "DELIVERED"
  }
},
{
  "model": "accounts.order",
  "pk": 9,
  "fields": {
    "customer": 1,
    "product": 1,
    "status": "DELIVERED"
  }
},
{
  "model": "accounts.order",
  "pk": 10,
  "fields": {
    "customer": 1,
    "product": 3,
    "status": "DELIVERED"
  }
},
{
  "model": "accounts.order",
  "pk": 11,
  "fields": {
    "customer": 1,
    "product": 7,
    "status": "PENDING"
  }
},
{
  "model": "accounts.order",
  "pk": 12,
  "fields": {
    "customer": 1,
    "product": 5,
    "status": "DELIVERED"
  }
},
{
  "model": "accounts.order",
  "pk": 13,
  "fields": {
    "customer": 1,
    "product": 8,
    "status": "DELIVERED"
  }
},
{
  "model": "accounts.order",
  "pk": 14,
  "fields": {
    "customer": 1,
    "product": 4,
    "status": "DELIVERED"
  }
},
{
  "model": "accounts.order",
  "pk": 15,
  "fields": {
    "customer": 6,
    "product": 9,
    "status": "DELIVERED"
  }
},
{
  "model": "admin.logentry",
  "pk": 1,
  "fields": {
    "action_time": "2023-05-16T11:16:17.290Z",
    "user": 1,
    "content_type": 8,
    "object_id": "1",
    "object_repr": "Iphone 13 promax",
    "action_flag": 1,
    "change_message": "[{\"added\": {}}]"
  }
},
{
  "model": "admin.logentry",
  "pk": 2,
  "fields": {
    "action_time": "2023-05-16T11:17:46.323Z",
    "user": 1,
    "content_type": 9,
    "object_id": "1",
    "object_repr": "Kenneth ordered Iphone 13 promax",
    "action_flag": 1,
    "change_message": "[{\"added\": {}}]"
  }
},
{
  "model": "admin.logentry",
  "pk": 3,
  "fields": {
    "action_time": "2023-05-16T11:19:35.340Z",
    "user": 1,
    "content_type": 10,
    "object_id": "5",
    "object_repr": "microwave",
    "action_flag": 1,
    "change_message": "[{\"added\": {}}]"
  }
},
{
  "model": "admin.logentry",
  "pk": 4,
  "fields": {
    "action_time": "2023-05-16T11:19:46.398Z",
    "user": 1,
    "content_type": 8,
    "object_id": "2",
    "object_repr": "Micro wave",
    "action_flag": 1,
    "change_message": "[{\"added\": {}}]"
  }
},
{
  "model": "admin.logentry",
  "pk": 5,
  "fields": {
    "action_time": "2023-05-16T11:20:05.329Z",
    "user": 1,
    "content_type": 8,
    "object_id": "2",
    "object_repr": "Micro wave",
    "action_flag": 3,
    "change_message": ""
  }
},
{
  "model": "admin.logentry",
  "pk": 6,
  "fields": {
    "action_time": "2023-05-16T11:20:50.647Z",
    "user": 1,
    "content_type": 8,
    "object_id": "3",
    "object_repr": "Microwave",
    "action_flag": 1,
    "change_message": "[{\"added\": {}}]"
  }
},
{
  "model": "admin.logentry",
  "pk": 7,
  "fields": {
    "action_time": "2023-05-16T11:21:37.733Z",
    "user": 1,
    "content_type": 8,
    "object_id": "4",
    "object_repr": "Lui Vuiton Jacket",
    "action_flag": 1,
    "change_message": "[{\"added\": {}}]"
  }
},
{
  "model": "admin.logentry",
  "pk": 8,
  "fields": {
    "action_time": "2023-05-16T11:22:01.525Z",
    "user": 1,
    "content_type": 9,
    "object_id": "2",
    "object_repr": "Michael ordered Lui Vuiton Jacket",
    "action_flag": 1,
    "change_message": "[{\"added\": {}}]"
  }
},
{
  "model": "admin.logentry",
  "pk": 9,
  "fields": {
    "action_time": "2023-05-16T11:22:13.587Z",
    "user": 1,
    "content_type": 9,
    "object_id": "3",
    "object_repr": "Elsie ordered Microwave",
    "action_flag": 1,
    "change_message": "[{\"added\": {}}]"
  }
},
{
  "model": "admin.logentry",
  "pk": 10,
  "fields": {
    "action_time": "2023-05-16T11:23:15.317Z",
    "user": 1,
    "content_type": 9,
    "object_id": "4",
    "object_repr": "Kenneth ordered Lui Vuiton Jacket",
    "action_flag": 1,
    "change_message": "[{\"added\": {}}]"
  }
},
{
  "model": "admin.logentry",
  "pk": 11,
  "fields": {
    "action_time": "2023-05-17T14:01:45.513Z",
    "user": 1,
    "content_type": 8,
    "object_id": "6",
    "object_repr": "Modem",
    "action_flag": 1,
    "change_message": "[{\"added\": {}}]"
  }
},
{
  "model": "admin.logentry",
  "pk": 12,
  "fields": {
    "action_time": "2023-05-17T14:02:33.938Z",
    "user": 1,
    "content_type": 8,
    "object_id": "7",
    "object_repr": "Furniture",
    "action_flag": 1,
    "change_message": "[{\"added\": {}}]"
  }
},
{
  "model": "admin.logentry",
  "pk": 13,
  "fields": {
    "action_time": "2023-05-17T14:03:02.804Z",
    "user": 1,
    "content_type": 8,
    "object_id": "8",
    "object_repr": "Refrigerator",
    "action_flag": 1,
    "change_message": "[{\"added\": {}}]"
  }
},
{
  "model": "admin.logentry",
  "pk": 14,
  "fields": {
    "action_time": "2023-05-17T19:53:04.977Z",
    "user": 1,
    "content_type": 4,
    "object_id": "8",
    "object_repr": "sticky",
    "action_flag": 3,
    "change_message": ""
  }
},
{
  "model": "admin.logentry",
  "pk": 15,
  "fields": {
    "action_time": "2023-05-18T11:18:06.597Z",
    "user": 1,
    "content_type": 3,
    "object_id": "1",
    "object_repr": "admin",
    "action_flag": 1,
    "change_message": "[{\"added\": {}}]"
  }
},
{
  "model": "admin.logentry",
  "pk": 16,
  "fields": {
    "action_time": "2023-05-18T11:18:15.406Z",
    "user": 1,
    "content_type": 3,
    "object_id": "2",
    "object_repr": "customer",
    "action_flag": 1,
    "change_message": "[{\"added\": {}}]"
  }
},
{
  "model": "admin.logentry",
  "pk": 17,
  "fields": {
    "action_time": "2023-05-18T11:19:33.032Z",
    "user": 1,
    "content_type": 4,
    "object_id": "1",
    "object_repr": "admin",
    "action_flag": 2,
    "change_message": "[{\"changed\": {\"fields\": [\"Groups\"]}}]"
  }
},
{
  "model": "admin.logentry",
  "pk": 18,
  "fields": {
    "action_time": "2023-05-18T11:19:48.297Z",
    "user": 1,
    "content_type": 4,
    "object_id": "9",
    "object_repr": "sticky",
    "action_flag": 2,
    "change_message": "[{\"changed\": {\"fields\": [\"Groups\"]}}]"
  }
},
{
  "model": "admin.logentry",
  "pk": 19,
  "fields": {
    "action_time": "2023-05-18T11:20:05.177Z",
    "user": 1,
    "content_type": 4,
    "object_id": "7",
    "object_repr": "noami",
    "action_flag": 2,
    "change_message": "[{\"changed\": {\"fields\": [\"Groups\"]}}]"
  }
},
{
  "model": "admin.logentry",
  "pk": 20,
  "fields": {
    "action_time": "2023-05-18T14:02:19.748Z",
    "user": 1,
    "content_type": 7,
    "object_id": "6",
    "object_repr": "sticky",
    "action_flag": 1,
    "change_message": "[{\"added\": {}}]"
  }
},
{
  "model": "admin.logentry",
  "pk": 21,
  "fields": {
    "action_time": "2023-05-19T10:20:14.065Z",
    "user": 1,
    "content_type": 7,
    "object_id": "7",
    "object_repr": "7",
    "action_flag": 3,
    "change_message": ""
  }
},
{
  "model": "admin.logentry",
  "pk": 22,
  "fields": {
    "action_time": "2023-05-19T10:21:07.795Z",
    "user": 1,
    "content_type": 8,
    "object_id": "9",
    "object_repr": "Samsung Tv",
    "action_flag": 1,
    "change_message": "[{\"added\": {}}]"
  }
},
{
  "model": "admin.logentry",
  "pk": 23,
  "fields": {
    "action_time": "2023-05-19T13:38:26.224Z",
    "user": 1,
    "content_type": 7,
    "object_id": "6",
    "object_repr": "sticky",
    "action_flag": 2,
    "change_message": "[{\"changed\": {\"fields\": [\"Profile pic\"]}}]"
  }
},
{
  "model": "auth.permission",
  "pk": 1,
  "fields": {
    "name": "Can add log entry",
    "content_type": 1,
    "codename": "add_logentry"
  }
},
{
  "model": "auth.permission",
  "pk": 2,
  "fields": {
    "name": "Can change log entry",
    "content_type": 1,
    "codename": "change_logentry"
  }
},
{
  "model": "auth.permission",
  "pk": 3,
  "fields": {
    "name": "Can delete log entry",
    "content_type": 1,
    "codename": "delete_logentry"
  }
},
{
  "model": "auth.permission",
  "pk": 4,
  "fields": {
    "name": "Can view log entry",
    "content_type": 1,
    "codename": "view_logentry"
  }
},
{
  "model": "auth.permission",
  "pk": 5,
  "fields": {
    "name": "Can add permission",
    "content_type": 2,
    "codename": "add_permission"
  }
},
{
  "model": "auth.permission",
  "pk": 6,
  "fields": {
    "name": "Can change permission",
    "content_type": 2,
    "codename": "change_permission"
  }
},
{
  "model": "auth.permission",
  "pk": 7,
  "fields": {
    "name": "Can delete permission",
    "content_type": 2,
    "codename": "delete_permission"
  }
},
{
  "model": "auth.permission",
  "pk": 8,
  "fields": {
    "name": "Can view permission",
    "content_type": 2,
    "codename": "view_permission"
  }
},
{
  "model": "auth.permission",
  "pk": 9,
  "fields": {
    "name": "Can add group",
    "content_type": 3,
    "codename": "add_group"
  }
},
{
  "model": "auth.permission",
  "pk": 10,
  "fields": {
    "name": "Can change group",
    "content_type": 3,
    "codename": "change_group"
  }
},
{
  "model": "auth.permission",
  "pk": 11,
  "fields": {
    "name": "Can delete group",
    "content_type": 3,
    "codename": "delete_group"
  }
},
{
  "model": "auth.permission",
  "pk": 12,
  "fields": {
    "name": "Can view group",
    "content_type": 3,
    "codename": "view_group"
  }
},
{
  "model": "auth.permission",
  "pk": 13,
  "fields": {
    "name": "Can add user",
    "content_type": 4,
    "codename": "add_user"
  }
},
{
  "model": "auth.permission",
  "pk": 14,
  "fields": {
    "name": "Can change user",
    "content_type": 4,
    "codename": "change_user"
  }
},
{
  "model": "auth.permission",
  "pk": 15,
  "fields": {
    "name": "Can delete user",
    "content_type": 4,
    "codename": "delete_user"
  }
},
{
  "model": "auth.permission",
  "pk": 16,
  "fields": {
    "name": "Can view user",
    "content_type": 4,
    "codename": "view_user"
  }
},
{
  "model": "auth.permission",
  "pk": 17,
  "fields": {
    "name": "Can add content type",
    "content_type": 5,
    "codename": "add_contenttype"
  }
},
{
  "model": "auth.permission",
  "pk": 18,
  "fields": {
    "name": "Can change content type",
    "content_type": 5,
    "codename": "change_contenttype"
  }
},
{
  "model": "auth.permission",
  "pk": 19,
  "fields": {
    "name": "Can delete content type",
    "content_type": 5,
    "codename": "delete_contenttype"
  }
},
{
  "model": "auth.permission",
  "pk": 20,
  "fields": {
    "name": "Can view content type",
    "content_type": 5,
    "codename": "view_contenttype"
  }
},
{
  "model": "auth.permission",
  "pk": 21,
  "fields": {
    "name": "Can add session",
    "content_type": 6,
    "codename": "add_session"
  }
},
{
  "model": "auth.permission",
  "pk": 22,
  "fields": {
    "name": "Can change session",
    "content_type": 6,
    "codename": "change_session"
  }
},
{
  "model": "auth.permission",
  "pk": 23,
  "fields": {
    "name": "Can delete session",
    "content_type": 6,
    "codename": "delete_session"
  }
},
{
  "model": "auth.permission",
  "pk": 24,
  "fields": {
    "name": "Can view session",
    "content_type": 6,
    "codename": "view_session"
  }
},
{
  "model": "auth.permission",
  "pk": 25,
  "fields": {
    "name": "Can add customer",
    "content_type": 7,
    "codename": "add_customer"
  }
},
{
  "model": "auth.permission",
  "pk": 26,
  "fields": {
    "name": "Can change customer",
    "content_type": 7,
    "codename": "change_customer"
  }
},
{
  "model": "auth.permission",
  "pk": 27,
  "fields": {
    "name": "Can delete customer",
    "content_type": 7,
    "codename": "delete_customer"
  }
},
{
  "model": "auth.permission",
  "pk": 28,
  "fields": {
    "name": "Can view customer",
    "content_type": 7,
    "codename": "view_customer"
  }
},
{
  "model": "auth.permission",
  "pk": 29,
  "fields": {
    "name": "Can add product",
    "content_type": 8,
    "codename": "add_product"
  }
},
{
  "model": "auth.permission",
  "pk": 30,
  "fields": {
    "name": "Can change product",
    "content_type": 8,
    "codename": "change_product"
  }
},
{
  "model": "auth.permission",
  "pk": 31,
  "fields": {
    "name": "Can delete product",
    "content_type": 8,
    "codename": "delete_product"
  }
},
{
  "model": "auth.permission",
  "pk": 32,
  "fields": {
    "name": "Can view product",
    "content_type": 8,
    "codename": "view_product"
  }
},
{
  "model": "auth.permission",
  "pk": 33,
  "fields": {
    "name": "Can add order",
    "content_type": 9,
    "codename": "add_order"
  }
},
{
  "model": "auth.permission",
  "pk": 34,
  "fields": {
    "name": "Can change order",
    "content_type": 9,
    "codename": "change_order"
  }
},
{
  "model": "auth.permission",
  "pk": 35,
  "fields": {
    "name": "Can delete order",
    "content_type": 9,
    "codename": "delete_order"
  }
},
{
  "model": "auth.permission",
  "pk": 36,
  "fields": {
    "name": "Can view order",
    "content_type": 9,
    "codename": "view_order"
  }
},
{
  "model": "auth.permission",
  "pk": 37,
  "fields": {
    "name": "Can add tags",
    "content_type": 10,
    "codename": "add_tags"
  }
},
{
  "model": "auth.permission",
  "pk": 38,
  "fields": {
    "name": "Can change tags",
    "content_type": 10,
    "codename": "change_tags"
  }
},
{
  "model": "auth.permission",
  "pk": 39,
  "fields": {
    "name": "Can delete tags",
    "content_type": 10,
    "codename": "delete_tags"
  }
},
{
  "model": "auth.permission",
  "pk": 40,
  "fields": {
    "name": "Can view tags",
    "content_type": 10,
    "codename": "view_tags"
  }
},
{
  "model": "auth.group",
  "pk": 1,
  "fields": {
    "name": "admin",
    "permissions": []
  }
},
{
  "model": "auth.group",
  "pk": 2,
  "fields": {
    "name": "customer",
    "permissions": []
  }
},
{
  "model": "auth.user",
  "pk": 1,
  "fields": {
    "password": "pbkdf2_sha256$600000$tm9YeEc90vuHYMpjnjtj3d$dMP70ELDYSdqlmOxXCZ4qD84NuKyEq4CbfEYs0Ueaic=",
    "last_login": "2023-05-19T20:40:09.853Z",
    "is_superuser": true,
    "username": "admin",
    "first_name": "",
    "last_name": "",
    "email": "admin@gmail.com",
    "is_staff": true,
    "is_active": true,
    "date_joined": "2023-05-16T09:55:29Z",
    "groups": [
      1
    ],
    "user_permissions": []
  }
},
{
  "model": "auth.user",
  "pk": 2,
  "fields": {
    "password": "vrom",
    "last_login": null,
    "is_superuser": false,
    "username": "Elsie",
    "first_name": "",
    "last_name": "",
    "email": "elsie@gmail.co",
    "is_staff": false,
    "is_active": true,
    "date_joined": "2023-05-16T10:00:30.904Z",
    "groups": [],
    "user_permissions": []
  }
},
{
  "model": "auth.user",
  "pk": 7,
  "fields": {
    "password": "vrom838-axaxa#",
    "last_login": null,
    "is_superuser": false,
    "username": "noami",
    "first_name": "",
    "last_name": "",
    "email": "noami@gmail.com",
    "is_staff": false,
    "is_active": true,
    "date_joined": "2023-05-17T19:29:25Z",
    "groups": [
      2
    ],
    "user_permissions": []
  }
},
{
  "model": "auth.user",
  "pk": 9,
  "fields": {
    "password": "pbkdf2_sha256$600000$vQO2UDAGLpmSZqXeuS0qZY$bnZcR3rKWi6OCSv4Yq8s89Qfka0ygdzIX+jPonCH5X4=",
    "last_login": "2023-05-19T20:28:15.740Z",
    "is_superuser": false,
    "username": "sticky",
    "first_name": "",
    "last_name": "",
    "email": "sticky@gmail.com",
    "is_staff": false,
    "is_active": true,
    "date_joined": "2023-05-17T19:54:47Z",
    "groups": [
      2
    ],
    "user_permissions": []
  }
},
{
  "model": "auth.user",
  "pk": 10,
  "fields": {
    "password": "pbkdf2_sha256$600000$pHUQA2eqABz155tSkFJ3b4$+aWlZS9HkRy19mQDNq3lxegXYje1MajxjIBsw8jiCN8=",
    "last_login": "2023-05-19T05:37:18.377Z",
    "is_superuser": false,
    "username": "tester",
    "first_name": "",
    "last_name": "",
    "email": "sevendigitsss@gmail.com",
    "is_staff": false,
    "is_active": true,
    "date_joined": "2023-05-19T02:27:01.813Z",
    "groups": [
      2
    ],
    "user_permissions": []
  }
},
{
  "model": "auth.user",
  "pk": 11,
  "fields": {
    "password": "pbkdf2_sha256$600000$2Df0pRNV36rQjLu26oYODZ$MIfHniX7Nv7Q5wkIduDKHhuunletMs9bJdF0Dc6MHL4=",
    "last_login": "2023-05-19T14:10:36.851Z",
    "is_superuser": false,
    "username": "Eve",
    "first_name": "",
    "last_name": "",
    "email": "eve@gmail.com",
    "is_staff": false,
    "is_active": true,
    "date_joined": "2023-05-19T14:10:24.455Z",
    "groups": [
      2
    ],
    "user_permissions": []
  }
},
{
  "model": "auth.user",
  "pk": 12,
  "fields": {
    "password": "pbkdf2_sha256$600000$58uK5JIlmMtHJv3f9v8BID$w8i96DhFG4PkEdNNnZLtC0VVxqboVESzCGqkvAUzEhY=",
    "last_login": "2023-05-19T19:57:53.832Z",
    "is_superuser": false,
    "username": "python",
    "first_name": "",
    "last_name": "",
    "email": "python@gmail.com",
    "is_staff": false,
    "is_active": true,
    "date_joined": "2023-05-19T19:57:39.620Z",
    "groups": [],
    "user_permissions": []
  }
},
{
  "model": "auth.user",
  "pk": 13,
  "fields": {
    "password": "pbkdf2_sha256$600000$taDPkXmieskV3rD8b3Qo83$kmjlA+62TR1P+KiUeakLVQzVETQaf8zYLfJRCbbbH3I=",
    "last_login": "2023-05-19T20:41:14.123Z",
    "is_superuser": false,
    "username": "django",
    "first_name": "",
    "last_name": "",
    "email": "django@gmail.com",
    "is_staff": false,
    "is_active": true,
    "date_joined": "2023-05-19T20:40:56.493Z",
    "groups": [
      2
    ],
    "user_permissions": []
  }
},
{
  "model": "contenttypes.contenttype",
  "pk": 1,
  "fields": {
    "app_label": "admin",
    "model": "logentry"
  }
},
{
  "model": "contenttypes.contenttype",
  "pk": 2,
  "fields": {
    "app_label": "auth",
    "model": "permission"
  }
},
{
  "model": "contenttypes.contenttype",
  "pk": 3,
  "fields": {
    "app_label": "auth",
    "model": "group"
  }
},
{
  "model": "contenttypes.contenttype",
  "pk": 4,
  "fields": {
    "app_label": "auth",
    "model": "user"
  }
},
{
  "model": "contenttypes.contenttype",
  "pk": 5,
  "fields": {
    "app_label": "contenttypes",
    "model": "contenttype"
  }
},
{
  "model": "contenttypes.contenttype",
  "pk": 6,
  "fields": {
    "app_label": "sessions",
    "model": "session"
  }
},
{
  "model": "contenttypes.contenttype",
  "pk": 7,
  "fields": {
    "app_label": "accounts",
    "model": "customer"
  }
},
{
  "model": "contenttypes.contenttype",
  "pk": 8,
  "fields": {
    "app_label": "accounts",
    "model": "product"
  }
},
{
  "model": "contenttypes.contenttype",
  "pk": 9,
  "fields": {
    "app_label": "accounts",
    "model": "order"
  }
},
{
  "model": "contenttypes.contenttype",
  "pk": 10,
  "fields": {
    "app_label": "accounts",
    "model": "tags"
  }
},
{
  "model": "sessions.session",
  "pk": "r1ypc4dz9l5rgbrdbzdl4osj1ofngr6k",
  "fields": {
    "session_data": ".eJxVjEEOwiAQRe_C2hCgIxSX7nsGMgODVA0kpV0Z765NutDtf-_9lwi4rSVsnZcwJ3ERehCn35EwPrjuJN2x3pqMra7LTHJX5EG7nFri5_Vw_w4K9vKtrcue0ds0KOcyw2iILEdDyqDyDgDPnCw7jRrQMyjDGbylgazBkaJ4fwAQnzho:1q06uY:KczzYShHVQadzeF8skTSvIgPr9izW_sbRBfQbGKc_sY",
    "expire_date": "2023-06-02T20:41:14.210Z"
  }
}
]
